Date,SPX,VIX
2010-01-04,0.051589999347925186,
2010-01-05,0.061900001019239426,
2010-01-06,0.05933000147342682,
2010-01-07,0.05417000129818916,
2010-01-08,0.051589999347925186,
2010-01-11,0.05674999952316284,
2010-01-12,0.05674999952316284,
2010-01-13,0.05417000129818916,
2010-01-14,0.051589999347925186,
2010-01-15,0.051589999347925186,
2010-01-19,0.04901000112295151,
2010-01-20,0.051589999347925186,
2010-01-21,0.04642999917268753,
2010-01-22,0.04385000094771385,
2010-01-25,0.041269998997449875,
2010-01-26,0.42471998929977417,
2010-01-28,0.04436999931931496,
2010-01-29,0.04642999917268753,
2010-02-01,0.3747499883174896,
2010-02-02,0.04385000094771385,
2010-02-03,0.3497700095176697,
2010-02-04,0.3747499883174896,
2010-02-05,0.04024000093340874,
2010-02-08,0.04230000078678131,
2010-02-09,0.041269998997449875,
2010-02-10,0.04385000094771385,
2010-02-11,0.041269998997449875,
2010-02-12,0.3747499883174896,
2010-02-16,0.04385000094771385,
2010-02-17,0.04797999933362007,
2010-02-18,0.04385000094771385,
2010-02-19,0.04385000094771385,
2010-02-22,0.04385000094771385,
2010-02-23,0.04385000094771385,
2010-02-24,0.041269998997449875,
2010-02-25,0.04024000093340874,
2010-03-01,0.0392099991440773,
2010-03-02,0.0392099991440773,
2010-03-03,0.038690000772476196,
2010-03-04,0.03816999867558479,
2010-03-05,0.03816999867558479,
2010-03-09,0.03663000091910362,
2010-03-10,0.038690000772476196,
2010-03-11,0.038690000772476196,
2010-03-12,0.037140000611543655,
2010-03-15,0.038690000772476196,
2010-03-16,0.038690000772476196,
2010-03-17,0.042819999158382416,
2010-03-18,0.04642999917268753,
2010-03-19,0.051589999347925186,
2010-03-22,0.05417000129818916,
2010-03-23,0.05417000129818916,
2010-03-24,0.051589999347925186,
2010-03-25,0.3247799873352051,
2010-03-26,0.051589999347925186,
2010-03-29,0.05674999952316284,
2010-03-30,0.051589999347925186,
2010-03-31,0.051589999347925186,
2010-04-01,0.05674999952316284,
2010-04-06,0.05674999952316284,
2010-04-07,0.051589999347925186,
2010-04-08,0.05674999952316284,
2010-04-09,0.05674999952316284,
2010-04-12,0.04487999901175499,
2010-04-13,0.04642999917268753,
2010-04-14,0.04642999917268753,
2010-04-15,0.04901000112295151,
2010-04-16,0.04642999917268753,
2010-04-19,0.04642999917268753,
2010-04-20,0.04540000110864639,
2010-04-21,0.04540000110864639,
2010-04-22,0.04642999917268753,
2010-04-23,0.04540000110864639,
2010-04-26,0.29980000853538513,
2010-04-27,0.04642999917268753,
2010-04-28,0.04642999917268753,
2010-04-29,0.04642999917268753,
2010-04-30,0.04642999917268753,
2010-05-03,0.04540000110864639,
2010-05-04,0.048489999026060104,
2010-05-05,0.038690000772476196,
2010-05-06,0.038690000772476196,
2010-05-07,0.03816999867558479,
2010-05-10,0.03816999867558479,
2010-05-11,0.04642999917268753,
2010-05-12,0.04642999917268753,
2010-05-13,0.045910000801086426,
2010-05-14,0.04642999917268753,
2010-05-17,0.04230000078678131,
2010-05-18,0.045910000801086426,
2010-05-19,0.03610999882221222,
2010-05-20,0.034049998968839645,
2010-05-21,0.03610999882221222,
2010-05-24,0.03610999882221222,
2010-05-25,0.034049998968839645,
2010-05-26,0.03353000059723854,
2010-05-27,0.03353000059723854,
2010-05-28,0.034049998968839645,
2010-06-01,0.03610999882221222,
2010-06-02,0.03353000059723854,
2010-06-03,0.034049998968839645,
2010-06-04,0.03610999882221222,
2010-06-07,0.03610999882221222,
2010-06-08,0.034049998968839645,
2010-06-09,0.034049998968839645,
2010-06-10,0.03455999866127968,
2010-06-11,0.03353000059723854,
2010-06-15,0.03353000059723854,
2010-06-16,0.03353000059723854,
2010-06-17,0.03610999882221222,
2010-06-18,0.03610999882221222,
2010-06-21,0.03610999882221222,
2010-06-22,0.03610999882221222,
2010-06-23,0.037140000611543655,
2010-06-24,0.038690000772476196,
2010-06-25,0.04075000062584877,
2010-06-29,0.037140000611543655,
2010-06-30,0.03610999882221222,
2010-07-02,0.29980000853538513,
2010-07-08,0.2498299926519394,
2010-07-12,0.2498299926519394,
2010-07-13,0.22484999895095825,
2010-07-14,0.2498299926519394,
2010-07-15,0.2498299926519394,
2010-07-19,0.037140000611543655,
2010-07-20,0.2498299926519394,
2010-07-21,0.042819999158382416,
2010-07-22,0.041269998997449875,
2010-07-23,0.041269998997449875,
2010-07-26,0.038690000772476196,
2010-07-27,0.2748199999332428,
2010-07-28,0.2748199999332428,
2010-07-29,0.038690000772476196,
2010-07-30,0.2748199999332428,
2010-08-03,0.2748199999332428,
2010-08-04,0.29980000853538513,
2010-08-05,0.29980000853538513,
2010-08-06,0.3247799873352051,
2010-08-09,0.3747499883174896,
2010-08-10,0.041269998997449875,
2010-08-11,0.03610999882221222,
2010-08-12,0.42471998929977417,
2010-08-13,0.42471998929977417,
2010-08-16,0.037140000611543655,
2010-08-18,0.39972999691963196,
2010-08-19,0.03610999882221222,
2010-08-20,0.03610999882221222,
2010-08-23,0.39972999691963196,
2010-08-24,0.034049998968839645,
2010-08-25,0.034049998968839645,
2010-08-26,0.42471998929977417,
2010-08-27,0.03455999866127968,
2010-08-30,0.041269998997449875,
2010-08-31,0.4496999979019165,
2010-09-01,0.42471998929977417,
2010-09-02,0.04230000078678131,
2010-09-03,0.04024000093340874,
2010-09-07,0.04642999917268753,
2010-09-08,0.04746000096201897,
2010-09-09,0.051589999347925186,
2010-09-10,0.05417000129818916,
2010-09-13,0.051589999347925186,
2010-09-14,0.04901000112295151,
2010-09-15,0.05056000128388405,
2010-09-16,0.04901000112295151,
2010-09-17,0.05056000128388405,
2010-09-20,0.04901000112295151,
2010-09-21,0.47468000650405884,
2010-09-22,0.04642999917268753,
2010-09-23,0.042819999158382416,
2010-09-24,0.0392099991440773,
2010-09-27,0.0392099991440773,
2010-09-28,0.051589999347925186,
2010-09-29,0.05107000097632408,
2010-09-30,0.051589999347925186,
2010-10-01,0.05056000128388405,
2010-10-04,0.04901000112295151,
2010-10-05,0.04332999885082245,
2010-10-06,0.04642999917268753,
2010-10-07,0.04642999917268753,
2010-10-08,0.47468000650405884,
2010-10-12,0.49966999888420105,
2010-10-13,0.05417000129818916,
2010-10-14,0.05417000129818916,
2010-10-15,0.051589999347925186,
2010-10-18,0.08253999799489975,
2010-10-19,0.07221999764442444,
2010-10-20,0.06964000314474106,
2010-10-21,0.06964000314474106,
2010-10-22,0.07479999959468842,
2010-10-25,0.07221999764442444,
2010-10-26,0.11607000231742859,
2010-10-27,0.10575000196695328,
2010-10-28,0.12381000071763992,
2010-10-29,0.17023999989032745,
2010-11-01,0.16765999794006348,
2010-11-02,0.16765999794006348,
2010-11-03,0.17023999989032745,
2010-11-04,0.16249999403953552,
2010-11-05,0.17023999989032745,
2010-11-08,0.1650799959897995,
2010-11-09,0.16249999403953552,
2010-11-10,0.15476000308990479,
2010-11-11,0.16765999794006348,
2010-11-12,0.1650799959897995,
2010-11-15,0.14443999528884888,
2010-11-16,0.12896999716758728,
2010-11-17,0.3747499883174896,
2010-11-18,0.42471998929977417,
2010-11-19,0.13413000106811523,
2010-11-22,0.1367100030183792,
2010-11-23,0.13413000106811523,
2010-11-24,0.14187000691890717,
2010-11-26,0.14443999528884888,
2010-11-29,0.1392900049686432,
2010-11-30,0.1392900049686432,
2010-12-01,0.1392900049686432,
2010-12-02,0.1392900049686432,
2010-12-03,0.13413000106811523,
2010-12-06,0.13154999911785126,
2010-12-07,0.13154999911785126,
2010-12-08,0.12896999716758728,
2010-12-09,0.12381000071763992,
2010-12-10,0.12381000071763992,
2010-12-13,0.12122999876737595,
2010-12-14,0.12896999716758728,
2010-12-15,0.1263899952173233,
2010-12-16,0.12896999716758728,
2010-12-17,0.1367100030183792,
2010-12-20,0.13154999911785126,
2010-12-21,0.12896999716758728,
2010-12-22,0.12896999716758728,
2010-12-23,0.12896999716758728,
2010-12-29,0.13413000106811523,
2010-12-30,0.14443999528884888,
2010-12-31,0.14443999528884888,
2011-01-04,0.14187000691890717,
2011-01-05,0.1367100030183792,
2011-01-06,0.14187000691890717,
2011-01-07,0.14701999723911285,
2011-01-10,0.14959999918937683,
2011-01-11,0.16249999403953552,
2011-01-12,0.17023999989032745,
2011-01-13,0.39972999691963196,
2011-01-14,0.1754000037908554,
2011-01-18,0.18055999279022217,
2011-01-19,0.19603000581264496,
2011-01-20,0.20634999871253967,
2011-01-21,0.19860999286174774,
2011-01-24,0.18828999996185303,
2011-01-25,0.17282000184059143,
2011-01-26,0.5496299862861633,
2011-01-27,0.18055999279022217,
2011-01-28,0.17282000184059143,
2011-01-31,0.17798000574111938,
2011-02-01,0.16249999403953552,
2011-02-02,0.17798000574111938,
2011-02-03,0.19603000581264496,
2011-02-04,0.18570999801158905,
2011-02-07,0.1754000037908554,
2011-02-08,0.1754000037908554,
2011-02-09,0.17023999989032745,
2011-02-10,0.1754000037908554,
2011-02-11,0.1754000037908554,
2011-02-14,0.18055999279022217,
2011-02-15,0.18055999279022217,
2011-02-16,0.18055999279022217,
2011-02-17,0.190870001912117,
2011-02-18,0.20118999481201172,
2011-02-22,0.18570999801158905,
2011-02-23,0.18828999996185303,
2011-02-24,0.18055999279022217,
2011-02-25,0.18055999279022217,
2011-02-28,0.190870001912117,
2011-03-01,0.19860999286174774,
2011-03-02,0.20118999481201172,
2011-03-03,0.19860999286174774,
2011-03-04,0.22439999878406525,
2011-03-07,0.2295600026845932,
2011-03-08,0.2424599975347519,
2011-03-09,0.22698000073432922,
2011-03-10,0.21151000261306763,
2011-03-11,0.22439999878406525,
2011-03-14,0.18828999996185303,
2011-03-15,0.16249999403953552,
2011-03-16,0.1754000037908554,
2011-03-17,0.1754000037908554,
2011-03-18,0.20118999481201172,
2011-03-21,0.20634999871253967,
2011-03-22,0.2037699967622757,
2011-03-23,0.20634999871253967,
2011-03-24,0.20118999481201172,
2011-03-25,0.18312999606132507,
2011-03-28,0.190870001912117,
2011-03-29,0.17798000574111938,
2011-03-30,0.1754000037908554,
2011-03-31,0.1650799959897995,
2011-04-01,0.16249999403953552,
2011-04-04,0.17023999989032745,
2011-04-05,0.1650799959897995,
2011-04-06,0.15476000308990479,
2011-04-07,0.16249999403953552,
2011-04-08,0.1650799959897995,
2011-04-11,0.14959999918937683,
2011-04-12,0.15476000308990479,
2011-04-13,0.16765999794006348,
2011-04-14,0.1650799959897995,
2011-04-15,0.15992000699043274,
2011-04-18,0.16249999403953552,
2011-04-19,0.1521800011396408,
2011-04-20,0.15476000308990479,
2011-04-21,0.1521800011396408,
2011-04-25,0.524649977684021,
2011-04-26,0.4496999979019165,
2011-04-27,0.14443999528884888,
2011-04-28,0.14443999528884888,
2011-04-29,0.14701999723911285,
2011-05-02,0.1392900049686432,
2011-05-03,0.12381000071763992,
2011-05-04,0.12381000071763992,
2011-05-05,0.11864999681711197,
2011-05-06,0.12381000071763992,
2011-05-09,0.12896999716758728,
2011-05-10,0.1392900049686432,
2011-05-11,0.13413000106811523,
2011-05-12,0.12122999876737595,
2011-05-13,0.11864999681711197,
2011-05-16,0.12122999876737595,
2011-05-17,0.11607000231742859,
2011-05-18,0.11349000036716461,
2011-05-19,0.3747499883174896,
2011-05-20,0.10832999646663666,
2011-05-23,0.11349000036716461,
2011-05-24,0.09802000224590302,
2011-05-25,0.1005999967455864,
2011-05-26,0.1031700000166893,
2011-05-27,0.10575000196695328,
2011-05-31,0.11090999841690063,
2011-06-01,0.09802000224590302,
2011-06-02,0.09285999834537506,
2011-06-03,0.0877000018954277,
2011-06-06,0.0877000018954277,
2011-06-07,0.0877000018954277,
2011-06-08,0.0877000018954277,
2011-06-09,0.09285999834537506,
2011-06-10,0.11090999841690063,
2011-06-13,0.39972999691963196,
2011-06-14,0.12381000071763992,
2011-06-15,0.1392900049686432,
2011-06-16,0.12381000071763992,
2011-06-17,0.11864999681711197,
2011-06-20,0.12381000071763992,
2011-06-21,0.12122999876737595,
2011-06-22,0.11607000231742859,
2011-06-23,0.1263899952173233,
2011-06-24,0.12381000071763992,
2011-06-27,0.3497700095176697,
2011-06-28,0.11864999681711197,
2011-06-29,0.11349000036716461,
2011-06-30,0.11349000036716461,
2011-07-01,0.11349000036716461,
2011-07-05,0.10832999646663666,
2011-07-06,0.10832999646663666,
2011-07-07,0.1031700000166893,
2011-07-08,0.10575000196695328,
2011-07-11,0.09802000224590302,
2011-07-12,0.09285999834537506,
2011-07-13,0.1005999967455864,
2011-07-14,0.1005999967455864,
2011-07-15,0.09802000224590302,
2011-07-18,0.1031700000166893,
2011-07-19,0.11349000036716461,
2011-07-20,0.09802000224590302,
2011-07-21,0.09802000224590302,
2011-07-22,0.1005999967455864,
2011-07-25,0.09802000224590302,
2011-07-26,0.09544000029563904,
2011-07-27,0.09544000029563904,
2011-07-28,0.09027999639511108,
2011-07-29,0.09027999639511108,
2011-08-01,0.09285999834537506,
2011-08-02,0.09027999639511108,
2011-08-03,0.09027999639511108,
2011-08-04,0.09027999639511108,
2011-08-05,0.07996000349521637,
2011-08-08,0.08253999799489975,
2011-08-09,0.07221999764442444,
2011-08-10,0.08253999799489975,
2011-08-11,0.08253999799489975,
2011-08-12,0.0877000018954277,
2011-08-15,0.09544000029563904,
2011-08-16,0.09802000224590302,
2011-08-17,0.10832999646663666,
2011-08-18,0.1005999967455864,
2011-08-19,0.1005999967455864,
2011-08-22,0.09285999834537506,
2011-08-23,0.09285999834537506,
2011-08-24,0.09027999639511108,
2011-08-25,0.09285999834537506,
2011-08-26,0.0877000018954277,
2011-08-29,0.0877000018954277,
2011-08-30,0.09027999639511108,
2011-08-31,0.09544000029563904,
2011-09-01,0.09802000224590302,
2011-09-02,0.09802000224590302,
2011-09-06,0.08511999994516373,
2011-09-07,0.0877000018954277,
2011-09-08,0.09285999834537506,
2011-09-09,0.07996000349521637,
2011-09-12,0.08253999799489975,
2011-09-13,0.08253999799489975,
2011-09-14,0.08253999799489975,
2011-09-15,0.1031700000166893,
2011-09-16,0.09802000224590302,
2011-09-19,0.09285999834537506,
2011-09-20,0.09027999639511108,
2011-09-21,0.09027999639511108,
2011-09-22,0.08253999799489975,
2011-09-23,0.07996000349521637,
2011-09-26,0.07738000154495239,
2011-09-27,0.08253999799489975,
2011-09-28,0.08253999799489975,
2011-09-29,0.07738000154495239,
2011-09-30,0.07738000154495239,
2011-10-03,0.07738000154495239,
2011-10-04,0.07479999959468842,
2011-10-05,0.07479999959468842,
2011-10-06,0.07738000154495239,
2011-10-07,0.07738000154495239,
2011-10-10,0.07738000154495239,
2011-10-11,0.07738000154495239,
2011-10-12,0.07738000154495239,
2011-10-13,0.07738000154495239,
2011-10-14,0.07221999764442444,
2011-10-17,0.2748199999332428,
2011-10-18,0.07738000154495239,
2011-10-19,0.07996000349521637,
2011-10-20,0.07479999959468842,
2011-10-21,0.07479999959468842,
2011-10-24,0.07479999959468842,
2011-10-25,0.07738000154495239,
2011-10-26,0.07738000154495239,
2011-10-27,0.08511999994516373,
2011-10-28,0.09027999639511108,
2011-10-31,0.3497700095176697,
2011-11-01,0.08511999994516373,
2011-11-02,0.08511999994516373,
2011-11-03,0.0877000018954277,
2011-11-04,0.3247799873352051,
2011-11-07,0.3247799873352051,
2011-11-08,0.08511999994516373,
2011-11-09,0.08511999994516373,
2011-11-10,0.07738000154495239,
2011-11-11,0.39972999691963196,
2011-11-14,0.07738000154495239,
2011-11-15,0.08511999994516373,
2011-11-16,0.0877000018954277,
2011-11-17,0.0877000018954277,
2011-11-18,0.08253999799489975,
2011-11-21,0.09027999639511108,
2011-11-22,0.0877000018954277,
2011-11-23,0.08253999799489975,
2011-11-25,0.07738000154495239,
2011-11-28,0.07738000154495239,
2011-11-29,0.07479999959468842,
2011-11-30,0.07479999959468842,
2011-12-01,0.07479999959468842,
2011-12-02,0.07479999959468842,
2011-12-05,0.07738000154495239,
2011-12-06,0.08253999799489975,
2011-12-07,0.07738000154495239,
2011-12-08,0.07738000154495239,
2011-12-09,0.07738000154495239,
2011-12-12,0.07738000154495239,
2011-12-13,0.07738000154495239,
2011-12-14,0.07738000154495239,
2011-12-15,0.07738000154495239,
2011-12-16,0.07738000154495239,
2011-12-19,0.07221999764442444,
2011-12-20,0.07221999764442444,
2011-12-21,0.07221999764442444,
2011-12-22,0.07221999764442444,
2011-12-23,0.07221999764442444,
2011-12-27,0.07221999764442444,
2011-12-28,0.07221999764442444,
2011-12-29,0.06964000314474106,
2011-12-30,0.07221999764442444,
2012-01-03,0.07221999764442444,
2012-01-04,0.07221999764442444,
2012-01-05,0.07221999764442444,
2012-01-06,0.07221999764442444,
2012-01-09,0.06706000119447708,
2012-01-10,0.06706000119447708,
2012-01-11,0.06706000119447708,
2012-01-12,0.06964000314474106,
2012-01-13,0.07221999764442444,
2012-01-17,0.07221999764442444,
2012-01-18,0.06964000314474106,
2012-01-19,0.06706000119447708,
2012-01-20,0.07221999764442444,
2012-01-23,0.07221999764442444,
2012-01-24,0.06706000119447708,
2012-01-25,0.06964000314474106,
2012-01-26,0.06964000314474106,
2012-01-27,0.06706000119447708,
2012-01-30,0.07221999764442444,
2012-01-31,0.07221999764442444,
2012-02-01,0.07738000154495239,
2012-02-02,0.07996000349521637,
2012-02-03,0.07479999959468842,
2012-02-06,0.07479999959468842,
2012-02-07,0.0877000018954277,
2012-02-08,0.08253999799489975,
2012-02-09,0.0877000018954277,
2012-02-10,0.09027999639511108,
2012-02-13,0.09544000029563904,
2012-02-14,0.09285999834537506,
2012-02-15,0.0877000018954277,
2012-02-16,0.09285999834537506,
2012-02-17,0.10832999646663666,
2012-02-21,0.10832999646663666,
2012-02-22,0.10832999646663666,
2012-02-23,0.11090999841690063,
2012-02-24,0.12381000071763992,
2012-02-27,0.11349000036716461,
2012-02-28,0.12122999876737595,
2012-02-29,0.11864999681711197,
2012-03-01,0.11864999681711197,
2012-03-02,0.11607000231742859,
2012-03-05,0.11349000036716461,
2012-03-06,0.10575000196695328,
2012-03-07,0.10832999646663666,
2012-03-08,0.1031700000166893,
2012-03-09,0.1031700000166893,
2012-03-12,0.1005999967455864,
2012-03-13,0.09802000224590302,
2012-03-14,0.09802000224590302,
2012-03-15,0.09544000029563904,
2012-03-16,0.09802000224590302,
2012-03-19,0.09544000029563904,
2012-03-20,0.10832999646663666,
2012-03-21,0.11349000036716461,
2012-03-22,0.11349000036716461,
2012-03-23,0.11090999841690063,
2012-03-26,0.10575000196695328,
2012-03-27,0.1031700000166893,
2012-03-28,0.1031700000166893,
2012-03-29,0.11090999841690063,
2012-03-30,0.10832999646663666,
2012-04-02,0.1031700000166893,
2012-04-03,0.1031700000166893,
2012-04-04,0.09802000224590302,
2012-04-05,0.09802000224590302,
2012-04-09,0.09802000224590302,
2012-04-10,0.09802000224590302,
2012-04-11,0.0877000018954277,
2012-04-12,0.09027999639511108,
2012-04-13,0.09027999639511108,
2012-04-16,0.09802000224590302,
2012-04-17,0.09802000224590302,
2012-04-18,0.09802000224590302,
2012-04-19,0.09027999639511108,
2012-04-20,0.09027999639511108,
2012-04-23,0.09285999834537506,
2012-04-24,0.09544000029563904,
2012-04-25,0.09544000029563904,
2012-04-26,0.09544000029563904,
2012-04-27,0.11349000036716461,
2012-04-30,0.10575000196695328,
2012-05-01,0.10832999646663666,
2012-05-02,0.1031700000166893,
2012-05-03,0.1005999967455864,
2012-05-04,0.09802000224590302,
2012-05-07,0.09544000029563904,
2012-05-08,0.09285999834537506,
2012-05-09,0.09027999639511108,
2012-05-10,0.0877000018954277,
2012-05-11,0.0877000018954277,
2012-05-14,0.0877000018954277,
2012-05-15,0.08253999799489975,
2012-05-16,0.07479999959468842,
2012-05-17,0.07479999959468842,
2012-05-18,0.07221999764442444,
2012-05-21,0.06964000314474106,
2012-05-22,0.06964000314474106,
2012-05-23,0.07221999764442444,
2012-05-24,0.07221999764442444,
2012-05-25,0.08253999799489975,
2012-05-29,0.08253999799489975,
2012-05-30,0.08253999799489975,
2012-05-31,0.07221999764442444,
2012-06-01,0.07221999764442444,
2012-06-04,0.06964000314474106,
2012-06-05,0.06964000314474106,
2012-06-06,0.07221999764442444,
2012-06-07,0.06964000314474106,
2012-06-08,0.06964000314474106,
2012-06-11,0.06964000314474106,
2012-06-12,0.06706000119447708,
2012-06-13,0.06706000119447708,
2012-06-14,0.06706000119447708,
2012-06-15,0.06706000119447708,
2012-06-18,0.061900001019239426,
2012-06-19,0.07221999764442444,
2012-06-20,0.07221999764442444,
2012-06-21,0.07996000349521637,
2012-06-22,0.07996000349521637,
2012-06-25,0.0644799992442131,
2012-06-26,0.061900001019239426,
2012-06-27,0.06706000119447708,
2012-06-28,0.061900001019239426,
2012-06-29,0.061900001019239426,
2012-07-02,0.06706000119447708,
2012-07-03,0.06706000119447708,
2012-07-05,0.0644799992442131,
2012-07-06,0.06706000119447708,
2012-07-09,0.06964000314474106,
2012-07-10,0.06964000314474106,
2012-07-11,0.061900001019239426,
2012-07-12,0.05933000147342682,
2012-07-13,0.051589999347925186,
2012-07-16,0.051589999347925186,
2012-07-17,0.05933000147342682,
2012-07-18,0.05933000147342682,
2012-07-19,0.05674999952316284,
2012-07-20,0.061900001019239426,
2012-07-23,0.05933000147342682,
2012-07-24,0.05933000147342682,
2012-07-25,0.05933000147342682,
2012-07-26,0.05933000147342682,
2012-07-27,0.05933000147342682,
2012-07-30,0.061900001019239426,
2012-07-31,0.05933000147342682,
2012-08-01,0.05933000147342682,
2012-08-02,0.04901000112295151,
2012-08-03,0.04901000112295151,
2012-08-06,0.04901000112295151,
2012-08-07,0.04952000081539154,
2012-08-08,0.04952000081539154,
2012-08-09,0.04952000081539154,
2012-08-10,0.04901000112295151,
2012-08-13,0.051589999347925186,
2012-08-14,0.04952000081539154,
2012-08-15,0.04901000112295151,
2012-08-16,0.04436999931931496,
2012-08-17,0.04436999931931496,
2012-08-20,0.04540000110864639,
2012-08-21,0.051589999347925186,
2012-08-22,0.051589999347925186,
2012-08-23,0.051589999347925186,
2012-08-24,0.04952000081539154,
2012-08-27,0.04746000096201897,
2012-08-28,0.04746000096201897,
2012-08-29,0.04642999917268753,
2012-08-30,0.04385000094771385,
2012-08-31,0.04385000094771385,
2012-09-04,0.04230000078678131,
2012-09-05,0.04230000078678131,
2012-09-06,0.04230000078678131,
2012-09-07,0.04385000094771385,
2012-09-10,0.04385000094771385,
2012-09-11,0.04901000112295151,
2012-09-12,0.051589999347925186,
2012-09-13,0.07221999764442444,
2012-09-14,0.07221999764442444,
2012-09-17,0.07221999764442444,
2012-09-18,0.07943999767303467,
2012-09-19,0.06499999761581421,
2012-09-20,0.06139000132679939,
2012-09-21,0.06139000132679939,
2012-09-24,0.08305999636650085,
2012-09-25,0.08666999638080597,
2012-09-26,0.07943999767303467,
2012-09-27,0.07221999764442444,
2012-09-28,0.07221999764442444,
2012-10-01,0.07943999767303467,
2012-10-02,0.07582999765872955,
2012-10-03,0.07582999765872955,
2012-10-04,0.06499999761581421,
2012-10-05,0.06932999938726425,
2012-10-08,0.07943999767303467,
2012-10-09,0.07943999767303467,
2012-10-10,0.07221999764442444,
2012-10-11,0.07221999764442444,
2012-10-12,0.07221999764442444,
2012-10-15,0.07221999764442444,
2012-10-16,0.07221999764442444,
2012-10-17,0.07078000158071518,
2012-10-18,0.06860999763011932,
2012-10-19,0.06789000332355499,
2012-10-22,0.06717000156641006,
2012-10-23,0.06499999761581421,
2012-10-24,0.06789000332355499,
2012-10-25,0.06571999937295914,
2012-10-26,0.06860999763011932,
2012-10-31,0.06499999761581421,
2012-11-01,0.06499999761581421,
2012-11-02,0.05778000131249428,
2012-11-05,0.05778000131249428,
2012-11-06,0.05778000131249428,
2012-11-07,0.05778000131249428,
2012-11-08,0.05778000131249428,
2012-11-09,0.05778000131249428,
2012-11-12,0.05778000131249428,
2012-11-13,0.05778000131249428,
2012-11-14,0.05778000131249428,
2012-11-15,0.05778000131249428,
2012-11-16,0.05778000131249428,
2012-11-19,0.05778000131249428,
2012-11-20,0.05778000131249428,
2012-11-21,0.05778000131249428,
2012-11-23,0.046939998865127563,
2012-11-26,0.044780001044273376,
2012-11-27,0.046939998865127563,
2012-11-28,0.044780001044273376,
2012-11-29,0.045499999076128006,
2012-11-30,0.04332999885082245,
2012-12-03,0.04332999885082245,
2012-12-04,0.04332999885082245,
2012-12-05,0.039719998836517334,
2012-12-06,0.039719998836517334,
2012-12-07,0.039719998836517334,
2012-12-10,0.039719998836517334,
2012-12-11,0.04188999906182289,
2012-12-12,0.04188999906182289,
2012-12-13,0.04188999906182289,
2012-12-14,0.04332999885082245,
2012-12-17,0.04332999885082245,
2012-12-18,0.05344000086188316,
2012-12-19,0.052000001072883606,
2012-12-20,0.052000001072883606,
2012-12-21,0.052000001072883606,
2012-12-24,0.052000001072883606,
2012-12-26,0.052000001072883606,
2012-12-27,0.052000001072883606,
2012-12-28,0.052000001072883606,
2012-12-31,0.052000001072883606,
2013-01-02,0.052000001072883606,
2013-01-03,0.052000001072883606,
2013-01-04,0.052000001072883606,
2013-01-07,0.052000001072883606,
2013-01-08,0.04188999906182289,
2013-01-09,0.04188999906182289,
2013-01-10,0.04188999906182289,
2013-01-11,0.046939998865127563,
2013-01-14,0.046220000833272934,
2013-01-15,0.04405999928712845,
2013-01-16,0.04405999928712845,
2013-01-17,0.04405999928712845,
2013-01-18,0.09027999639511108,
2013-01-22,0.07943999767303467,
2013-01-23,0.07943999767303467,
2013-01-24,0.08666999638080597,
2013-01-25,0.08305999636650085,
2013-01-28,0.08305999636650085,
2013-01-29,0.08666999638080597,
2013-01-30,0.09027999639511108,
2013-01-31,0.07943999767303467,
2013-02-01,0.08666999638080597,
2013-02-04,0.08305999636650085,
2013-02-05,0.08305999636650085,
2013-02-06,0.07943999767303467,
2013-02-07,0.07943999767303467,
2013-02-08,0.08666999638080597,
2013-02-11,0.08666999638080597,
2013-02-12,0.08305999636650085,
2013-02-13,0.07943999767303467,
2013-02-14,0.07582999765872955,
2013-02-15,0.07582999765872955,
2013-02-19,0.08305999636650085,
2013-02-20,0.07221999764442444,
2013-02-21,0.07221999764442444,
2013-02-22,0.07221999764442444,
2013-02-25,0.06932999938726425,
2013-02-26,0.06932999938726425,
2013-02-27,0.06210999935865402,
2013-02-28,0.06210999935865402,
2013-03-01,0.06210999935865402,
2013-03-04,0.06499999761581421,
2013-03-05,0.06499999761581421,
2013-03-06,0.06499999761581421,
2013-03-07,0.06499999761581421,
2013-03-08,0.07221999764442444,
2013-03-11,0.07221999764442444,
2013-03-12,0.07221999764442444,
2013-03-13,0.07221999764442444,
2013-03-14,0.07221999764442444,
2013-03-15,0.07221999764442444,
2013-03-18,0.06499999761581421,
2013-03-19,0.06428000330924988,
2013-03-20,0.06499999761581421,
2013-03-21,0.06499999761581421,
2013-03-22,0.06499999761581421,
2013-03-25,0.06499999761581421,
2013-03-26,0.06860999763011932,
2013-03-27,0.06860999763011932,
2013-03-28,0.06860999763011932,
2013-04-01,0.06860999763011932,
2013-04-02,0.06356000155210495,
2013-04-03,0.06356000155210495,
2013-04-04,0.06356000155210495,
2013-04-05,0.06356000155210495,
2013-04-08,0.06356000155210495,
2013-04-09,0.06499999761581421,
2013-04-10,0.06499999761581421,
2013-04-11,0.06499999761581421,
2013-04-12,0.06499999761581421,
2013-04-15,0.06499999761581421,
2013-04-16,0.06499999761581421,
2013-04-17,0.05849999934434891,
2013-04-18,0.05778000131249428,
2013-04-19,0.05778000131249428,
2013-04-22,0.05778000131249428,
2013-04-23,0.05778000131249428,
2013-04-24,0.05778000131249428,
2013-04-25,0.05778000131249428,
2013-04-26,0.05778000131249428,
2013-04-29,0.05705999955534935,
2013-04-30,0.05705999955534935,
2013-05-01,0.05705999955534935,
2013-05-02,0.05705999955534935,
2013-05-03,0.05705999955534935,
2013-05-06,0.05705999955534935,
2013-05-07,0.05705999955534935,
2013-05-08,0.05705999955534935,
2013-05-09,0.039719998836517334,
2013-05-10,0.038279999047517776,
2013-05-13,0.038279999047517776,
2013-05-14,0.03756000101566315,
2013-05-15,0.03466999903321266,
2013-05-16,0.03322000056505203,
2013-05-17,0.03610999882221222,
2013-05-20,0.03610999882221222,
2013-05-21,0.03756000101566315,
2013-05-22,0.04188999906182289,
2013-05-23,0.04188999906182289,
2013-05-24,0.04261000081896782,
2013-05-28,0.039719998836517334,
2013-05-29,0.03610999882221222,
2013-05-30,0.03610999882221222,
2013-05-31,0.03610999882221222,
2013-06-03,0.03610999882221222,
2013-06-04,0.03539000079035759,
2013-06-05,0.03466999903321266,
2013-06-06,0.03539000079035759,
2013-06-07,0.032499998807907104,
2013-06-10,0.032499998807907104,
2013-06-11,0.032499998807907104,
2013-06-12,0.030330000445246696,
2013-06-13,0.031060000881552696,
2013-06-14,0.031060000881552696,
2013-06-17,0.031060000881552696,
2013-06-18,0.031060000881552696,
2013-06-19,0.032499998807907104,
2013-06-20,0.032499998807907104,
2013-06-21,0.02889000065624714,
2013-06-24,0.02889000065624714,
2013-06-25,0.02889000065624714,
2013-06-26,0.026000000536441803,
2013-06-27,0.02672000043094158,
2013-06-28,0.025280000641942024,
2013-07-01,0.025280000641942024,
2013-07-02,0.025280000641942024,
2013-07-03,0.025280000641942024,
2013-07-05,0.025280000641942024,
2013-07-08,0.025280000641942024,
2013-07-09,0.02167000062763691,
2013-07-10,0.02167000062763691,
2013-07-11,0.02167000062763691,
2013-07-12,0.02167000062763691,
2013-07-15,0.02167000062763691,
2013-07-16,0.02167000062763691,
2013-07-17,0.02167000062763691,
2013-07-18,0.022390000522136688,
2013-07-19,0.022390000522136688,
2013-07-22,0.02167000062763691,
2013-07-23,0.02094000019133091,
2013-07-24,0.02094000019133091,
2013-07-25,0.02094000019133091,
2013-07-26,0.02094000019133091,
2013-07-29,0.02094000019133091,
2013-07-30,0.018780000507831573,
2013-07-31,0.018780000507831573,
2013-08-01,0.018780000507831573,
2013-08-02,0.018780000507831573,
2013-08-05,0.018780000507831573,
2013-08-06,0.02094000019133091,
2013-08-07,0.02094000019133091,
2013-08-08,0.02094000019133091,
2013-08-09,0.02167000062763691,
2013-08-12,0.023110000416636467,
2013-08-13,0.02167000062763691,
2013-08-14,0.02167000062763691,
2013-08-15,0.02167000062763691,
2013-08-16,0.02094000019133091,
2013-08-19,0.02094000019133091,
2013-08-20,0.022390000522136688,
2013-08-21,0.02167000062763691,
2013-08-22,0.02094000019133091,
2013-08-23,0.02094000019133091,
2013-08-26,0.02094000019133091,
2013-08-27,0.025280000641942024,
2013-08-28,0.025280000641942024,
2013-08-29,0.025280000641942024,
2013-08-30,0.025280000641942024,
2013-09-03,0.02672000043094158,
2013-09-04,0.02672000043094158,
2013-09-05,0.02672000043094158,
2013-09-06,0.02672000043094158,
2013-09-09,0.02672000043094158,
2013-09-10,0.02744000032544136,
2013-09-11,0.02744000032544136,
2013-09-12,0.022390000522136688,
2013-09-13,0.022390000522136688,
2013-09-16,0.026000000536441803,
2013-09-17,0.026000000536441803,
2013-09-18,0.026000000536441803,
2013-09-19,0.02817000076174736,
2013-09-20,0.02817000076174736,
2013-09-23,0.02817000076174736,
2013-09-24,0.02022000029683113,
2013-09-25,0.02022000029683113,
2013-09-26,0.02167000062763691,
2013-09-27,0.02167000062763691,
2013-09-30,0.02167000062763691,
2013-10-01,0.02167000062763691,
2013-10-02,0.02167000062763691,
2013-10-03,0.02167000062763691,
2013-10-04,0.018780000507831573,
2013-10-07,0.018780000507831573,
2013-10-08,0.018780000507831573,
2013-10-09,0.018780000507831573,
2013-10-10,0.018780000507831573,
2013-10-11,0.022390000522136688,
2013-10-14,0.022390000522136688,
2013-10-15,0.023110000416636467,
2013-10-16,0.023110000416636467,
2013-10-17,0.022390000522136688,
2013-10-18,0.022390000522136688,
2013-10-21,0.025280000641942024,
2013-10-22,0.025280000641942024,
2013-10-23,0.026000000536441803,
2013-10-24,0.023110000416636467,
2013-10-25,0.025280000641942024,
2013-10-28,0.025280000641942024,
2013-10-29,0.025280000641942024,
2013-10-30,0.023830000311136246,
2013-10-31,0.023830000311136246,
2013-11-01,0.023830000311136246,
2013-11-04,0.025280000641942024,
2013-11-05,0.025280000641942024,
2013-11-06,0.025280000641942024,
2013-11-07,0.02672000043094158,
2013-11-08,0.02672000043094158,
2013-11-11,0.025280000641942024,
2013-11-12,0.025280000641942024,
2013-11-13,0.025280000641942024,
2013-11-14,0.025280000641942024,
2013-11-15,0.025280000641942024,
2013-11-18,0.02167000062763691,
2013-11-19,0.02022000029683113,
2013-11-20,0.02022000029683113,
2013-11-21,0.02167000062763691,
2013-11-22,0.02167000062763691,
2013-11-25,0.02167000062763691,
2013-11-26,0.025280000641942024,
2013-11-27,0.02817000076174736,
2013-11-29,0.025280000641942024,
2013-12-02,0.025280000641942024,
2013-12-03,0.025280000641942024,
2013-12-04,0.025280000641942024,
2013-12-05,0.025280000641942024,
2013-12-06,0.02672000043094158,
2013-12-09,0.02672000043094158,
2013-12-10,0.026000000536441803,
2013-12-11,0.02672000043094158,
2013-12-12,0.02672000043094158,
2013-12-13,0.02744000032544136,
2013-12-16,0.026000000536441803,
2013-12-17,0.023830000311136246,
2013-12-18,0.023830000311136246,
2013-12-19,0.023830000311136246,
2013-12-20,0.023830000311136246,
2013-12-23,0.023830000311136246,
2013-12-24,0.023830000311136246,
2013-12-26,0.023830000311136246,
2013-12-27,0.023830000311136246,
2013-12-30,0.023830000311136246,
2013-12-31,0.023830000311136246,
2014-01-02,0.023830000311136246,
2014-01-03,0.023830000311136246,
2014-01-06,0.023830000311136246,
2014-01-07,0.023830000311136246,
2014-01-08,0.023830000311136246,
2014-01-09,0.023830000311136246,
2014-01-10,0.02167000062763691,
2014-01-13,0.02167000062763691,
2014-01-14,0.02167000062763691,
2014-01-15,0.02167000062763691,
2014-01-16,0.02167000062763691,
2014-01-17,0.02167000062763691,
2014-01-21,0.02167000062763691,
2014-01-22,0.02167000062763691,
2014-01-23,0.02167000062763691,
2014-01-24,0.02167000062763691,
2014-01-27,0.02167000062763691,
2014-01-28,0.02167000062763691,
2014-01-29,0.023830000311136246,
2014-01-30,0.026000000536441803,
2014-01-31,0.026000000536441803,
2014-02-03,0.026000000536441803,
2014-02-04,0.025280000641942024,
2014-02-05,0.025280000641942024,
2014-02-06,0.025280000641942024,
2014-02-07,0.025280000641942024,
2014-02-10,0.02744000032544136,
2014-02-11,0.02744000032544136,
2014-02-12,0.02744000032544136,
2014-02-13,0.025280000641942024,
2014-02-14,0.025280000641942024,
2014-02-18,0.026000000536441803,
2014-02-19,0.02672000043094158,
2014-02-20,0.02672000043094158,
2014-02-21,0.026000000536441803,
2014-02-24,0.022390000522136688,
2014-02-25,0.023830000311136246,
2014-02-26,0.023830000311136246,
2014-02-27,0.02889000065624714,
2014-02-28,0.02889000065624714,
2014-03-03,0.031780000776052475,
2014-03-04,0.031780000776052475,
2014-03-05,0.029610000550746918,
2014-03-06,0.031780000776052475,
2014-03-07,0.031780000776052475,
2014-03-10,0.03393999859690666,
2014-03-11,0.03683000057935715,
2014-03-12,0.044780001044273376,
2014-03-13,0.04332999885082245,
2014-03-14,0.04910999909043312,
2014-03-17,0.05056000128388405,
2014-03-18,0.05127999931573868,
2014-03-19,0.05127999931573868,
2014-03-20,0.05056000128388405,
2014-03-21,0.05056000128388405,
2014-03-24,0.05632999911904335,
2014-03-25,0.05417000129818916,
2014-03-26,0.05417000129818916,
2014-03-27,0.05056000128388405,
2014-03-28,0.05056000128388405,
2014-03-31,0.05056000128388405,
2014-04-01,0.05056000128388405,
2014-04-02,0.05056000128388405,
2014-04-03,0.04332999885082245,
2014-04-04,0.04332999885082245,
2014-04-07,0.046939998865127563,
2014-04-08,0.046939998865127563,
2014-04-09,0.046939998865127563,
2014-04-10,0.046939998865127563,
2014-04-11,0.046939998865127563,
2014-04-14,0.046939998865127563,
2014-04-15,0.046939998865127563,
2014-04-16,0.046939998865127563,
2014-04-17,0.046939998865127563,
2014-04-21,0.046939998865127563,
2014-04-22,0.046939998865127563,
2014-04-23,0.046939998865127563,
2014-04-24,0.04766999930143356,
2014-04-25,0.04766999930143356,
2014-04-28,0.04332999885082245,
2014-04-29,0.04766999930143356,
2014-04-30,0.04766999930143356,
2014-05-01,0.04332999885082245,
2014-05-02,0.04332999885082245,
2014-05-05,0.046939998865127563,
2014-05-06,0.046939998865127563,
2014-05-07,0.046939998865127563,
2014-05-08,0.046939998865127563,
2014-05-09,0.04332999885082245,
2014-05-12,0.04332999885082245,
2014-05-13,0.04332999885082245,
2014-05-14,0.04261000081896782,
2014-05-15,0.039719998836517334,
2014-05-16,0.039719998836517334,
2014-05-19,0.03610999882221222,
2014-05-20,0.03610999882221222,
2014-05-21,0.032499998807907104,
2014-05-22,0.029610000550746918,
2014-05-23,0.029610000550746918,
2014-05-27,0.030330000445246696,
2014-05-28,0.030330000445246696,
2014-05-29,0.031780000776052475,
2014-05-30,0.031780000776052475,
2014-06-02,0.031780000776052475,
2014-06-03,0.031780000776052475,
2014-06-04,0.03610999882221222,
2014-06-05,0.03610999882221222,
2014-06-06,0.03610999882221222,
2014-06-09,0.03610999882221222,
2014-06-10,0.03610999882221222,
2014-06-11,0.03610999882221222,
2014-06-12,0.03466999903321266,
2014-06-13,0.03393999859690666,
2014-06-16,0.03393999859690666,
2014-06-17,0.03610999882221222,
2014-06-18,0.03610999882221222,
2014-06-19,0.038279999047517776,
2014-06-20,0.038279999047517776,
2014-06-23,0.03756000101566315,
2014-06-24,0.039000000804662704,
2014-06-25,0.03756000101566315,
2014-06-26,0.03610999882221222,
2014-06-27,0.03610999882221222,
2014-06-30,0.03466999903321266,
2014-07-01,0.03466999903321266,
2014-07-02,0.03539000079035759,
2014-07-03,0.03466999903321266,
2014-07-07,0.03610999882221222,
2014-07-08,0.03539000079035759,
2014-07-09,0.03539000079035759,
2014-07-10,0.03539000079035759,
2014-07-11,0.03539000079035759,
2014-07-14,0.03539000079035759,
2014-07-15,0.03539000079035759,
2014-07-16,0.03539000079035759,
2014-07-17,0.03539000079035759,
2014-07-18,0.03539000079035759,
2014-07-21,0.03539000079035759,
2014-07-22,0.03322000056505203,
2014-07-23,0.032499998807907104,
2014-07-24,0.032499998807907104,
2014-07-25,0.032499998807907104,
2014-07-28,0.032499998807907104,
2014-07-29,0.03539000079035759,
2014-07-30,0.03539000079035759,
2014-07-31,0.03539000079035759,
2014-08-01,0.03539000079035759,
2014-08-04,0.03322000056505203,
2014-08-05,0.031780000776052475,
2014-08-06,0.03610999882221222,
2014-08-07,0.03610999882221222,
2014-08-08,0.03466999903321266,
2014-08-11,0.03610999882221222,
2014-08-12,0.039719998836517334,
2014-08-13,0.04332999885082245,
2014-08-14,0.04332999885082245,
2014-08-15,0.044780001044273376,
2014-08-18,0.04983000084757805,
2014-08-19,0.04117000102996826,
2014-08-20,0.04044000059366226,
2014-08-21,0.044780001044273376,
2014-08-22,0.045499999076128006,
2014-08-25,0.045499999076128006,
2014-08-26,0.04332999885082245,
2014-08-27,0.04188999906182289,
2014-08-28,0.04044000059366226,
2014-08-29,0.04044000059366226,
2014-09-02,0.04044000059366226,
2014-09-03,0.04044000059366226,
2014-09-04,0.03610999882221222,
2014-09-05,0.03610999882221222,
2014-09-08,0.03610999882221222,
2014-09-09,0.03610999882221222,
2014-09-10,0.04044000059366226,
2014-09-11,0.04332999885082245,
2014-09-12,0.046939998865127563,
2014-09-15,0.039719998836517334,
2014-09-16,0.038279999047517776,
2014-09-17,0.03610999882221222,
2014-09-18,0.032499998807907104,
2014-09-19,0.032499998807907104,
2014-09-22,0.032499998807907104,
2014-09-23,0.032499998807907104,
2014-09-24,0.032499998807907104,
2014-09-25,0.030330000445246696,
2014-09-26,0.02889000065624714,
2014-09-29,0.032499998807907104,
2014-09-30,0.032499998807907104,
2014-10-01,0.032499998807907104,
2014-10-02,0.032499998807907104,
2014-10-03,0.032499998807907104,
2014-10-06,0.032499998807907104,
2014-10-07,0.032499998807907104,
2014-10-08,0.02889000065624714,
2014-10-09,0.02889000065624714,
2014-10-10,0.02889000065624714,
2014-10-13,0.02889000065624714,
2014-10-14,0.02889000065624714,
2014-10-15,0.026000000536441803,
2014-10-16,0.026000000536441803,
2014-10-17,0.025280000641942024,
2014-10-20,0.02094000019133091,
2014-10-21,0.023110000416636467,
2014-10-22,0.023110000416636467,
2014-10-23,0.017330000177025795,
2014-10-24,0.016610000282526016,
2014-10-27,0.016610000282526016,
2014-10-28,0.016610000282526016,
2014-10-29,0.019500000402331352,
2014-10-30,0.018060000613331795,
2014-10-31,0.018060000613331795,
2014-11-03,0.018060000613331795,
2014-11-04,0.018060000613331795,
2014-11-05,0.018060000613331795,
2014-11-06,0.018060000613331795,
2014-11-07,0.018060000613331795,
2014-11-10,0.018060000613331795,
2014-11-11,0.022390000522136688,
2014-11-12,0.023110000416636467,
2014-11-13,0.022390000522136688,
2014-11-14,0.022390000522136688,
2014-11-17,0.022390000522136688,
2014-11-18,0.023110000416636467,
2014-11-19,0.023110000416636467,
2014-11-20,0.019500000402331352,
2014-11-21,0.018060000613331795,
2014-11-24,0.018060000613331795,
2014-11-25,0.018060000613331795,
2014-11-26,0.018060000613331795,
2014-11-28,0.018060000613331795,
2014-12-01,0.018060000613331795,
2014-12-02,0.018060000613331795,
2014-12-03,0.018060000613331795,
2014-12-04,0.015169999562203884,28447.69921875
2014-12-05,0.015169999562203884,26056.5
2014-12-08,0.013000000268220901,23582.80078125
2014-12-09,0.013000000268220901,21274.0
2014-12-10,0.013000000268220901,19295.0
2014-12-11,0.009390000253915787,17728.30078125
2014-12-12,0.009390000253915787,19047.599609375
2014-12-15,0.009390000253915787,19212.5
2014-12-16,0.009390000253915787,17480.900390625
2014-12-17,0.008670000359416008,16409.0
2014-12-18,0.008670000359416008,17563.400390625
2014-12-19,0.008670000359416008,16738.80078125
2014-12-22,0.008670000359416008,16821.30078125
2014-12-23,0.008670000359416008,18470.400390625
2014-12-24,0.008670000359416008,18800.19921875
2014-12-26,0.008670000359416008,17068.599609375
2014-12-29,0.010830000042915344,15914.2001953125
2014-12-30,0.010830000042915344,16409.0
2014-12-31,0.010830000042915344,16903.69921875
2015-01-02,0.013000000268220901,16903.69921875
2015-01-05,0.014440000057220459,16821.30078125
2015-01-06,0.014440000057220459,18470.400390625
2015-01-07,0.014440000057220459,19872.19921875
2015-01-08,0.014440000057220459,20119.599609375
2015-01-09,0.012280000373721123,20614.30078125
2015-01-12,0.012280000373721123,18965.19921875
2015-01-13,0.012280000373721123,19707.30078125
2015-01-14,0.010110000148415565,20119.599609375
2015-01-15,0.010110000148415565,22098.5
2015-01-16,0.010830000042915344,21521.30078125
2015-01-20,0.010830000042915344,21109.0
2015-01-21,0.009390000253915787,21109.0
2015-01-22,0.009390000253915787,21026.599609375
2015-01-23,0.009390000253915787,21851.19921875
2015-01-26,0.009390000253915787,22016.099609375
2015-01-27,0.009390000253915787,21438.900390625
2015-01-28,0.009390000253915787,21438.900390625
2015-01-29,0.009390000253915787,22758.19921875
2015-01-30,0.009390000253915787,22923.099609375
2015-02-02,0.0072200000286102295,22840.69921875
2015-02-03,0.0072200000286102295,22428.400390625
2015-02-04,0.0072200000286102295,21356.400390625
2015-02-05,0.007939999923110008,20531.80078125
2015-02-06,0.007939999923110008,20614.30078125
2015-02-09,0.007939999923110008,19459.900390625
2015-02-10,0.007939999923110008,18635.30078125
2015-02-11,0.007939999923110008,19459.900390625
2015-02-12,0.007939999923110008,19212.5
2015-02-13,0.007939999923110008,18717.80078125
2015-02-17,0.010110000148415565,
2015-02-18,0.008670000359416008,18717.80078125
2015-02-19,0.008670000359416008,18717.80078125
2015-02-20,0.009390000253915787,18717.80078125
2015-02-23,0.009390000253915787,18717.80078125
2015-02-24,0.009390000253915787,18717.80078125
2015-02-25,0.010110000148415565,17233.599609375
2015-02-26,0.012280000373721123,16491.400390625
2015-02-27,0.012280000373721123,16573.900390625
2015-03-02,0.012280000373721123,16409.0
2015-03-03,0.012280000373721123,16244.099609375
2015-03-04,0.012280000373721123,13440.5
2015-03-05,0.012280000373721123,13770.400390625
2015-03-06,0.008670000359416008,13110.7001953125
2015-03-09,0.008670000359416008,12698.400390625
2015-03-10,0.008670000359416008,13028.2001953125
2015-03-11,0.005779999773949385,12698.400390625
2015-03-12,0.005779999773949385,12945.7998046875
2015-03-13,0.005779999773949385,12945.7998046875
2015-03-16,0.005779999773949385,12698.400390625
2015-03-17,0.005779999773949385,13028.2001953125
2015-03-18,0.005779999773949385,12863.2998046875
2015-03-19,0.005779999773949385,12698.400390625
2015-03-20,0.005779999773949385,12698.400390625
2015-03-23,0.005779999773949385,12616.0
2015-03-24,0.007939999923110008,12616.0
2015-03-25,0.009390000253915787,12616.0
2015-03-26,0.009390000253915787,12616.0
2015-03-27,0.010110000148415565,12616.0
2015-03-30,0.010830000042915344,12616.0
2015-03-31,0.010830000042915344,12616.0
2015-04-01,0.010830000042915344,12616.0
2015-04-02,0.010830000042915344,12616.0
2015-04-06,0.010830000042915344,12616.0
2015-04-07,0.010830000042915344,12616.0
2015-04-08,0.009390000253915787,12616.0
2015-04-09,0.010110000148415565,12616.0
2015-04-10,0.010110000148415565,12616.0
2015-04-13,0.010830000042915344,12616.0
2015-04-14,0.010830000042915344,12616.0
2015-04-15,0.010830000042915344,12616.0
2015-04-16,0.010830000042915344,12616.0
2015-04-17,0.010830000042915344,12616.0
2015-04-20,0.010830000042915344,12616.0
2015-04-21,0.010830000042915344,12616.0
2015-04-22,0.010830000042915344,12616.0
2015-04-23,0.010830000042915344,12616.0
2015-04-24,0.010830000042915344,12616.0
2015-04-27,0.006500000134110451,12616.0
2015-04-28,0.006500000134110451,12616.0
2015-04-29,0.006500000134110451,12616.0
2015-04-30,0.007939999923110008,12616.0
2015-05-01,0.008670000359416008,12616.0
2015-05-04,0.009390000253915787,12616.0
2015-05-05,0.009390000253915787,12616.0
2015-05-06,0.008670000359416008,12616.0
2015-05-07,0.0072200000286102295,12616.0
2015-05-08,0.0072200000286102295,12616.0
2015-05-11,0.0072200000286102295,12616.0
2015-05-12,0.0072200000286102295,12616.0
2015-05-13,0.0072200000286102295,12616.0
2015-05-14,0.008670000359416008,12616.0
2015-05-15,0.008670000359416008,12616.0
2015-05-18,0.008670000359416008,12616.0
2015-05-19,0.008670000359416008,12616.0
2015-05-20,0.008670000359416008,12616.0
2015-05-21,0.008670000359416008,7998.35009765625
2015-05-22,0.008670000359416008,8740.4697265625
2015-05-26,0.008670000359416008,8987.83984375
2015-05-27,0.008670000359416008,9647.5
2015-05-28,0.008670000359416008,10059.7998046875
2015-05-29,0.008670000359416008,9482.580078125
2015-06-01,0.008670000359416008,9565.0400390625
2015-06-02,0.008670000359416008,9647.5
2015-06-03,0.008670000359416008,9894.8701171875
2015-06-04,0.008670000359416008,10884.400390625
2015-06-05,0.008670000359416008,11544.0
2015-06-08,0.008670000359416008,11379.099609375
2015-06-09,0.008670000359416008,10801.900390625
2015-06-10,0.005779999773949385,10637.0
2015-06-11,0.0072200000286102295,10472.099609375
2015-06-12,0.007939999923110008,10801.900390625
2015-06-15,0.006500000134110451,10637.0
2015-06-16,0.0072200000286102295,9812.41015625
2015-06-17,0.0072200000286102295,9317.669921875
2015-06-18,0.0072200000286102295,9647.5
2015-06-19,0.006500000134110451,9317.669921875
2015-06-22,0.005779999773949385,9482.580078125
2015-06-23,0.006500000134110451,9400.1201171875
2015-06-24,0.006500000134110451,9070.2900390625
2015-06-25,0.006500000134110451,8658.009765625
2015-06-26,0.0043299999088048935,9482.580078125
2015-06-29,0.0043299999088048935,9894.8701171875
2015-06-30,0.0043299999088048935,9235.2099609375
2015-07-01,0.0043299999088048935,9317.669921875
2015-07-02,0.0043299999088048935,9647.5
2015-07-06,0.005059999879449606,9812.41015625
2015-07-07,0.005059999879449606,9565.0400390625
2015-07-08,0.0072200000286102295,9235.2099609375
2015-07-09,0.0072200000286102295,9235.2099609375
2015-07-10,0.0072200000286102295,8987.83984375
2015-07-13,0.0072200000286102295,8575.5498046875
2015-07-14,0.0072200000286102295,8822.919921875
2015-07-15,0.0072200000286102295,8410.6396484375
2015-07-16,0.0072200000286102295,8163.27001953125
2015-07-17,0.0072200000286102295,8163.27001953125
2015-07-20,0.0072200000286102295,7998.35009765625
2015-07-21,0.0072200000286102295,7668.52001953125
2015-07-22,0.0072200000286102295,7915.89013671875
2015-07-23,0.0072200000286102295,7750.97998046875
2015-07-24,0.0072200000286102295,7915.89013671875
2015-07-27,0.0072200000286102295,7668.52001953125
2015-07-28,0.0072200000286102295,7750.97998046875
2015-07-29,0.0072200000286102295,7915.89013671875
2015-07-30,0.0072200000286102295,8575.5498046875
2015-07-31,0.0072200000286102295,8163.27001953125
2015-08-03,0.0072200000286102295,7750.97998046875
2015-08-04,0.0072200000286102295,7833.43994140625
2015-08-05,0.0072200000286102295,8080.81005859375
2015-08-06,0.0043299999088048935,7915.89013671875
2015-08-07,0.0043299999088048935,7915.89013671875
2015-08-10,0.0043299999088048935,7833.43994140625
2015-08-11,0.0043299999088048935,7998.35009765625
2015-08-12,0.0043299999088048935,7833.43994140625
2015-08-13,0.0043299999088048935,7668.52001953125
2015-08-14,0.0043299999088048935,7668.52001953125
2015-08-17,0.005779999773949385,7503.60986328125
2015-08-18,0.005779999773949385,7668.52001953125
2015-08-19,0.0043299999088048935,7586.06005859375
2015-08-20,0.0043299999088048935,7256.240234375
2015-08-21,0.014999999664723873,6843.9501953125
2015-08-24,0.0043299999088048935,6184.2900390625
2015-08-25,0.0043299999088048935,5772.009765625
2015-08-26,0.0043299999088048935,6349.2099609375
2015-08-27,0.0043299999088048935,6926.41015625
2015-08-28,0.005059999879449606,6926.41015625
2015-08-31,0.005059999879449606,6679.0400390625
2015-09-01,0.006500000134110451,6596.580078125
2015-09-02,0.014999999664723873,6596.580078125
2015-09-03,0.004000000189989805,6679.0400390625
2015-09-04,0.004000000189989805,6596.580078125
2015-09-08,0.004999999888241291,6761.490234375
2015-09-09,0.004999999888241291,6679.0400390625
2015-09-10,0.004999999888241291,6926.41015625
2015-09-11,0.004999999888241291,7091.31982421875
2015-09-14,0.006000000052154064,6761.490234375
2015-09-15,0.006000000052154064,6926.41015625
2015-09-16,0.006000000052154064,6926.41015625
2015-09-17,0.009999999776482582,6843.9501953125
2015-09-18,0.009999999776482582,6926.41015625
2015-09-21,0.004999999888241291,7091.31982421875
2015-09-22,0.009999999776482582,7437.64013671875
2015-09-23,0.007000000216066837,7619.0498046875
2015-09-24,0.007000000216066837,7800.4501953125
2015-09-25,0.006000000052154064,7619.0498046875
2015-09-28,0.014999999664723873,7256.240234375
2015-09-29,0.009999999776482582,7437.64013671875
2015-09-30,0.014999999664723873,7346.93994140625
2015-10-01,0.014999999664723873,7437.64013671875
2015-10-02,0.004999999888241291,7346.93994140625
2015-10-05,0.006000000052154064,7346.93994140625
2015-10-06,0.006000000052154064,7709.75
2015-10-07,0.007000000216066837,7437.64013671875
2015-10-08,0.006000000052154064,7619.0498046875
2015-10-09,0.014999999664723873,7528.33984375
2015-10-12,0.014999999664723873,7528.33984375
2015-10-13,0.006000000052154064,7437.64013671875
2015-10-14,0.014999999664723873,7346.93994140625
2015-10-15,0.014999999664723873,7346.93994140625
2015-10-16,0.014999999664723873,7346.93994140625
2015-10-19,0.014999999664723873,7346.93994140625
2015-10-20,0.006000000052154064,7256.240234375
2015-10-21,0.014999999664723873,6984.1298828125
2015-10-22,0.02500000037252903,7165.52978515625
2015-10-23,0.006000000052154064,7165.52978515625
2015-10-26,0.019999999552965164,6893.419921875
2015-10-27,0.019999999552965164,6893.419921875
2015-10-28,0.004999999888241291,6712.02001953125
2015-10-29,0.004999999888241291,6984.1298828125
2015-10-30,0.019999999552965164,6802.72021484375
2015-11-02,0.004999999888241291,6802.72021484375
2015-11-03,0.004000000189989805,6802.72021484375
2015-11-04,0.004000000189989805,6802.72021484375
2015-11-05,0.014999999664723873,6893.419921875
2015-11-06,0.004000000189989805,6621.31982421875
2015-11-09,0.014999999664723873,6621.31982421875
2015-11-10,0.004000000189989805,6530.60986328125
2015-11-11,0.004000000189989805,6349.2099609375
2015-11-12,0.004000000189989805,6349.2099609375
2015-11-13,0.004000000189989805,6258.5
2015-11-16,0.004000000189989805,6802.72021484375
2015-11-17,0.019999999552965164,6712.02001953125
2015-11-18,0.004000000189989805,6712.02001953125
2015-11-19,0.019999999552965164,6893.419921875
2015-11-20,0.019999999552965164,6893.419921875
2015-11-23,0.019999999552965164,7165.52978515625
2015-11-24,0.004000000189989805,7074.830078125
2015-11-25,0.004000000189989805,7437.64013671875
2015-11-27,0.014999999664723873,7074.830078125
2015-11-30,0.014999999664723873,6802.72021484375
2015-12-01,0.014999999664723873,6712.02001953125
2015-12-02,0.014999999664723873,6802.72021484375
2015-12-03,0.014999999664723873,6893.419921875
2015-12-04,0.014999999664723873,6802.72021484375
2015-12-07,0.014999999664723873,6802.72021484375
2015-12-08,0.004999999888241291,6802.72021484375
2015-12-09,0.014999999664723873,6712.02001953125
2015-12-10,0.014999999664723873,6439.91015625
2015-12-11,0.014999999664723873,6530.60986328125
2015-12-14,0.014999999664723873,6439.91015625
2015-12-15,0.014999999664723873,6712.02001953125
2015-12-16,0.014999999664723873,6621.31982421875
2015-12-17,0.004999999888241291,6621.31982421875
2015-12-18,0.004999999888241291,6530.60986328125
2015-12-21,0.014999999664723873,6439.91015625
2015-12-22,0.014999999664723873,6439.91015625
2015-12-23,0.004000000189989805,6349.2099609375
2015-12-24,0.004999999888241291,6349.2099609375
2015-12-28,0.004999999888241291,6077.10009765625
2015-12-29,0.009999999776482582,6167.7998046875
2015-12-30,0.004999999888241291,6258.5
2015-12-31,0.004999999888241291,6167.7998046875
2016-01-04,0.004999999888241291,6077.10009765625
2016-01-05,0.004999999888241291,5895.68994140625
2016-01-06,0.009999999776482582,5986.39013671875
2016-01-07,0.004999999888241291,5623.580078125
2016-01-08,0.009999999776482582,5351.47021484375
2016-01-11,0.009999999776482582,5351.47021484375
2016-01-12,0.004000000189989805,5804.990234375
2016-01-13,0.009999999776482582,5804.990234375
2016-01-14,0.004000000189989805,5532.8798828125
2016-01-15,0.004000000189989805,5351.47021484375
2016-01-19,0.009999999776482582,5170.06982421875
2016-01-20,0.009999999776482582,5260.77001953125
2016-01-21,0.004000000189989805,5260.77001953125
2016-01-22,0.009999999776482582,5442.18017578125
2016-01-25,0.009999999776482582,5895.68994140625
2016-01-26,0.004000000189989805,5532.8798828125
2016-01-27,0.004000000189989805,5804.990234375
2016-01-28,0.009999999776482582,5714.2900390625
2016-01-29,0.009999999776482582,5714.2900390625
2016-02-01,0.009999999776482582,5623.580078125
2016-02-02,0.009999999776482582,5532.8798828125
2016-02-03,0.009999999776482582,5532.8798828125
2016-02-04,0.009999999776482582,5532.8798828125
2016-02-05,0.009999999776482582,5714.2900390625
2016-02-08,0.004999999888241291,5714.2900390625
2016-02-09,0.009999999776482582,5714.2900390625
2016-02-10,0.009999999776482582,5714.2900390625
2016-02-11,0.004000000189989805,5714.2900390625
2016-02-12,0.009999999776482582,5714.2900390625
2016-02-16,0.009999999776482582,5714.2900390625
2016-02-17,0.009999999776482582,5714.2900390625
2016-02-18,0.009999999776482582,5804.990234375
2016-02-19,0.009999999776482582,5804.990234375
2016-02-22,0.004999999888241291,5804.990234375
2016-02-23,0.009999999776482582,5804.990234375
2016-02-24,0.004999999888241291,6167.7998046875
2016-02-25,0.004999999888241291,5895.68994140625
2016-02-26,0.004999999888241291,6077.10009765625
2016-02-29,0.004999999888241291,5986.39013671875
2016-03-01,0.004999999888241291,6077.10009765625
2016-03-02,0.004999999888241291,6258.5
2016-03-03,0.009999999776482582,6077.10009765625
2016-03-04,0.004999999888241291,6077.10009765625
2016-03-07,0.004999999888241291,6077.10009765625
2016-03-08,0.009999999776482582,6258.5
2016-03-09,0.009999999776482582,6167.7998046875
2016-03-10,0.004999999888241291,6258.5
2016-03-11,0.009999999776482582,6439.91015625
2016-03-14,0.009999999776482582,6530.60986328125
2016-03-15,0.004999999888241291,6349.2099609375
2016-03-16,0.009999999776482582,6439.91015625
2016-03-17,0.006000000052154064,6349.2099609375
2016-03-18,0.004999999888241291,6530.60986328125
2016-03-21,0.009999999776482582,6893.419921875
2016-03-22,0.009999999776482582,7256.240234375
2016-03-23,0.009999999776482582,7346.93994140625
2016-03-24,0.009999999776482582,7256.240234375
2016-03-28,0.004999999888241291,6984.1298828125
2016-03-29,0.004999999888241291,6712.02001953125
2016-03-30,0.009999999776482582,7074.830078125
2016-03-31,0.009999999776482582,6802.72021484375
2016-04-01,0.004999999888241291,7165.52978515625
2016-04-04,0.009999999776482582,6984.1298828125
2016-04-05,0.009999999776482582,7074.830078125
2016-04-06,0.006000000052154064,7074.830078125
2016-04-07,0.009999999776482582,6984.1298828125
2016-04-08,0.009999999776482582,7619.0498046875
2016-04-11,0.009999999776482582,7981.85986328125
2016-04-12,0.009999999776482582,8163.27001953125
2016-04-13,0.009999999776482582,8072.56005859375
2016-04-14,0.004999999888241291,8253.9697265625
2016-04-15,0.009999999776482582,8253.9697265625
2016-04-18,0.004999999888241291,8253.9697265625
2016-04-19,0.009999999776482582,8253.9697265625
2016-04-20,0.004999999888241291,7709.75
2016-04-21,0.009999999776482582,7709.75
2016-04-22,0.004999999888241291,7981.85986328125
2016-04-25,0.004999999888241291,
2016-04-26,0.009999999776482582,7981.85986328125
2016-04-27,0.004999999888241291,7981.85986328125
2016-04-28,0.004999999888241291,7981.85986328125
2016-04-29,0.009999999776482582,7981.85986328125
2016-05-02,0.004999999888241291,7981.85986328125
2016-05-03,0.009999999776482582,7981.85986328125
2016-05-04,0.009999999776482582,7981.85986328125
2016-05-05,0.009999999776482582,7074.830078125
2016-05-06,0.004999999888241291,7074.830078125
2016-05-09,0.009999999776482582,6712.02001953125
2016-05-10,0.009999999776482582,6712.02001953125
2016-05-11,0.009999999776482582,6712.02001953125
2016-05-12,0.009999999776482582,6893.419921875
2016-05-13,0.006000000052154064,6802.72021484375
2016-05-16,0.006000000052154064,6802.72021484375
2016-05-17,0.009999999776482582,6802.72021484375
2016-05-18,0.009999999776482582,6802.72021484375
2016-05-19,0.009999999776482582,6802.72021484375
2016-05-20,0.009999999776482582,6802.72021484375
2016-05-23,0.006000000052154064,6712.02001953125
2016-05-24,0.009999999776482582,6802.72021484375
2016-05-25,0.009999999776482582,6802.72021484375
2016-05-26,0.006000000052154064,6802.72021484375
2016-05-27,0.009999999776482582,6984.1298828125
2016-05-31,0.006000000052154064,6984.1298828125
2016-06-01,0.009999999776482582,7074.830078125
2016-06-02,0.009999999776482582,7074.830078125
2016-06-03,0.009999999776482582,6984.1298828125
2016-06-06,0.006000000052154064,6984.1298828125
2016-06-07,0.006000000052154064,6893.419921875
2016-06-08,0.006000000052154064,6984.1298828125
2016-06-09,0.009999999776482582,6761.89990234375
2016-06-10,0.009999999776482582,6761.89990234375
2016-06-13,0.006000000052154064,6952.3798828125
2016-06-14,0.006000000052154064,7238.10009765625
2016-06-15,0.004999999888241291,7047.6201171875
2016-06-16,0.03500000014901161,7142.85986328125
2016-06-17,0.029999999329447746,7047.6201171875
2016-06-20,0.004999999888241291,6857.14013671875
2016-06-21,0.029999999329447746,6857.14013671875
2016-06-22,0.004999999888241291,6666.669921875
2016-06-23,0.029999999329447746,6666.669921875
2016-06-24,0.03999999910593033,6190.47998046875
2016-06-27,0.029999999329447746,6380.9501953125
2016-06-28,0.004999999888241291,6380.9501953125
2016-06-29,0.004999999888241291,6666.669921875
2016-06-30,0.03500000014901161,6571.43017578125
2016-07-01,0.03500000014901161,6476.18994140625
2016-07-05,0.03500000014901161,7238.10009765625
2016-07-06,0.004999999888241291,7428.56982421875
2016-07-07,0.05999999865889549,7428.56982421875
2016-07-08,0.004999999888241291,7333.330078125
2016-07-11,0.007000000216066837,6952.3798828125
2016-07-12,0.03999999910593033,7142.85986328125
2016-07-13,0.004999999888241291,7238.10009765625
2016-07-14,0.004999999888241291,6952.3798828125
2016-07-15,0.004999999888241291,7047.6201171875
2016-07-18,0.004999999888241291,7142.85986328125
2016-07-19,0.004999999888241291,7238.10009765625
2016-07-20,0.03999999910593033,7142.85986328125
2016-07-21,0.004999999888241291,6952.3798828125
2016-07-22,0.03999999910593033,7142.85986328125
2016-07-25,0.03999999910593033,7238.10009765625
2016-07-26,0.03999999910593033,7142.85986328125
2016-07-27,0.004999999888241291,6952.3798828125
2016-07-28,0.04500000178813934,6952.3798828125
2016-07-29,0.004999999888241291,6952.3798828125
2016-08-01,0.05000000074505806,6666.669921875
2016-08-02,0.05000000074505806,6380.9501953125
2016-08-03,0.05000000074505806,6571.43017578125
2016-08-04,0.04500000178813934,6476.18994140625
2016-08-05,0.03999999910593033,6285.7099609375
2016-08-08,0.006000000052154064,6190.47998046875
2016-08-09,0.004999999888241291,6380.9501953125
2016-08-10,0.04500000178813934,6380.9501953125
2016-08-11,0.05000000074505806,6476.18994140625
2016-08-12,0.004999999888241291,6285.7099609375
2016-08-15,0.004999999888241291,6285.7099609375
2016-08-16,0.004999999888241291,6380.9501953125
2016-08-17,0.007000000216066837,6285.7099609375
2016-08-18,0.03999999910593033,6285.7099609375
2016-08-19,0.03999999910593033,6095.240234375
2016-08-22,0.04500000178813934,5809.52001953125
2016-08-23,0.03999999910593033,5809.52001953125
2016-08-24,0.03999999910593033,5809.52001953125
2016-08-25,0.03999999910593033,5809.52001953125
2016-08-26,0.03999999910593033,6095.240234375
2016-08-29,0.04500000178813934,5809.52001953125
2016-08-30,0.04500000178813934,5904.759765625
2016-08-31,0.04500000178813934,5809.52001953125
2016-09-01,0.03999999910593033,5904.759765625
2016-09-02,0.03999999910593033,5904.759765625
2016-09-06,0.03999999910593033,5428.56982421875
2016-09-07,0.04500000178813934,5333.330078125
2016-09-08,0.04500000178813934,5428.56982421875
2016-09-09,0.04500000178813934,5714.2900390625
2016-09-12,0.006000000052154064,5619.0498046875
2016-09-13,0.03999999910593033,5428.56982421875
2016-09-14,0.007000000216066837,5142.85986328125
2016-09-15,0.03500000014901161,5333.330078125
2016-09-16,0.03999999910593033,5238.10009765625
2016-09-19,0.007000000216066837,5238.10009765625
2016-09-20,0.03500000014901161,5238.10009765625
2016-09-21,0.03500000014901161,5333.330078125
2016-09-22,0.03500000014901161,5333.330078125
2016-09-23,0.03500000014901161,5428.56982421875
2016-09-26,0.03500000014901161,5238.10009765625
2016-09-27,0.03999999910593033,5238.10009765625
2016-09-28,0.03999999910593033,5428.56982421875
2016-09-29,0.03999999910593033,5428.56982421875
2016-09-30,0.006000000052154064,5428.56982421875
2016-10-03,0.03500000014901161,5238.10009765625
2016-10-04,0.029999999329447746,5523.81005859375
2016-10-05,0.029999999329447746,5714.2900390625
2016-10-06,0.006000000052154064,5714.2900390625
2016-10-07,0.006000000052154064,5619.0498046875
2016-10-10,0.02500000037252903,5619.0498046875
2016-10-11,0.02500000037252903,5619.0498046875
2016-10-12,0.004999999888241291,5619.0498046875
2016-10-13,0.029999999329447746,5904.759765625
2016-10-14,0.029999999329447746,5809.52001953125
2016-10-17,0.029999999329447746,5904.759765625
2016-10-18,0.029999999329447746,5904.759765625
2016-10-19,0.029999999329447746,6000.0
2016-10-20,0.029999999329447746,6000.0
2016-10-21,0.03500000014901161,5904.759765625
2016-10-24,0.03500000014901161,5904.759765625
2016-10-25,0.029999999329447746,5904.759765625
2016-10-26,0.029999999329447746,5809.52001953125
2016-10-27,0.03500000014901161,5619.0498046875
2016-10-28,0.03500000014901161,5714.2900390625
2016-10-31,0.029999999329447746,5619.0498046875
2016-11-01,0.029999999329447746,5809.52001953125
2016-11-02,0.029999999329447746,5714.2900390625
2016-11-03,0.029999999329447746,5714.2900390625
2016-11-04,0.029999999329447746,5714.2900390625
2016-11-07,0.029999999329447746,5809.52001953125
2016-11-08,0.029999999329447746,5809.52001953125
2016-11-09,0.029999999329447746,5619.0498046875
2016-11-10,0.029999999329447746,5714.2900390625
2016-11-11,0.029999999329447746,5809.52001953125
2016-11-14,0.029999999329447746,5714.2900390625
2016-11-15,0.02500000037252903,5714.2900390625
2016-11-16,0.02500000037252903,5714.2900390625
2016-11-17,0.02500000037252903,5714.2900390625
2016-11-18,0.02500000037252903,5714.2900390625
2016-11-21,0.029999999329447746,5809.52001953125
2016-11-22,0.029999999329447746,5619.0498046875
2016-11-23,0.029999999329447746,5714.2900390625
2016-11-25,0.004999999888241291,5523.81005859375
2016-11-28,0.029999999329447746,5333.330078125
2016-11-29,0.03500000014901161,5428.56982421875
2016-11-30,0.03500000014901161,5238.10009765625
2016-12-01,0.004000000189989805,5238.10009765625
2016-12-02,0.03500000014901161,5238.10009765625
2016-12-05,0.03500000014901161,5428.56982421875
2016-12-06,0.029999999329447746,5333.330078125
2016-12-07,0.02500000037252903,5142.85986328125
2016-12-08,0.029999999329447746,5142.85986328125
2016-12-09,0.029999999329447746,5047.6201171875
2016-12-12,0.029999999329447746,4952.3798828125
2016-12-13,0.03500000014901161,5047.6201171875
2016-12-14,0.029999999329447746,5142.85986328125
2016-12-15,0.004000000189989805,5333.330078125
2016-12-16,0.029999999329447746,5238.10009765625
2016-12-19,0.004000000189989805,5523.81005859375
2016-12-20,0.029999999329447746,5333.330078125
2016-12-21,0.029999999329447746,5428.56982421875
2016-12-22,0.029999999329447746,5238.10009765625
2016-12-23,0.029999999329447746,5238.10009765625
2016-12-27,0.029999999329447746,5142.85986328125
2016-12-28,0.029999999329447746,5142.85986328125
2016-12-29,0.029999999329447746,5238.10009765625
2016-12-30,0.029999999329447746,5238.10009765625
2017-01-03,0.03999999910593033,5238.10009765625
2017-01-04,0.03999999910593033,5238.10009765625
2017-01-05,0.03999999910593033,5238.10009765625
2017-01-06,0.03999999910593033,5047.6201171875
2017-01-09,0.03999999910593033,5047.6201171875
2017-01-10,0.03999999910593033,4952.3798828125
2017-01-11,0.03999999910593033,5333.330078125
2017-01-12,0.04500000178813934,5238.10009765625
2017-01-13,0.04500000178813934,5047.6201171875
2017-01-17,0.03999999910593033,5142.85986328125
2017-01-18,0.04500000178813934,5619.0498046875
2017-01-19,0.04500000178813934,5523.81005859375
2017-01-20,0.04500000178813934,5523.81005859375
2017-01-23,0.04500000178813934,5523.81005859375
2017-01-24,0.04500000178813934,5714.2900390625
2017-01-25,0.04500000178813934,6095.240234375
2017-01-26,0.04500000178813934,6095.240234375
2017-01-27,0.04500000178813934,6095.240234375
2017-01-30,0.04500000178813934,6095.240234375
2017-01-31,0.03999999910593033,6095.240234375
2017-02-01,0.04500000178813934,6095.240234375
2017-02-02,0.04500000178813934,6095.240234375
2017-02-03,0.04500000178813934,5714.2900390625
2017-02-06,0.004000000189989805,6000.0
2017-02-07,0.03999999910593033,5809.52001953125
2017-02-08,0.004000000189989805,5619.0498046875
2017-02-09,0.03999999910593033,5714.2900390625
2017-02-10,0.03999999910593033,5619.0498046875
2017-02-13,0.03999999910593033,5809.52001953125
2017-02-14,0.03999999910593033,5523.81005859375
2017-02-15,0.004999999888241291,
2017-02-16,0.05000000074505806,5523.81005859375
2017-02-17,0.04500000178813934,5714.2900390625
2017-02-21,0.04500000178813934,5904.759765625
2017-02-22,0.04500000178813934,6000.0
2017-02-23,0.004999999888241291,6000.0
2017-02-24,0.004999999888241291,5714.2900390625
2017-02-27,0.04500000178813934,5904.759765625
2017-02-28,0.04500000178813934,5809.52001953125
2017-03-01,0.03999999910593033,5714.2900390625
2017-03-02,0.008999999612569809,5714.2900390625
2017-03-03,0.008999999612569809,5714.2900390625
2017-03-06,0.008999999612569809,5619.0498046875
2017-03-07,0.04500000178813934,5619.0498046875
2017-03-08,0.04500000178813934,5619.0498046875
2017-03-09,0.04500000178813934,5619.0498046875
2017-03-10,0.04500000178813934,5619.0498046875
2017-03-13,0.04500000178813934,5714.2900390625
2017-03-14,0.04500000178813934,5619.0498046875
2017-03-15,0.03999999910593033,5619.0498046875
2017-03-16,0.03999999910593033,5809.52001953125
2017-03-17,0.03999999910593033,5904.759765625
2017-03-20,0.04500000178813934,6380.9501953125
2017-03-21,0.05000000074505806,6285.7099609375
2017-03-22,0.05000000074505806,6190.47998046875
2017-03-23,0.05000000074505806,6095.240234375
2017-03-24,0.05000000074505806,6190.47998046875
2017-03-27,0.008999999612569809,6190.47998046875
2017-03-28,0.008999999612569809,6285.7099609375
2017-03-29,0.008999999612569809,6285.7099609375
2017-03-30,0.05000000074505806,6285.7099609375
2017-03-31,0.00800000037997961,6000.0
2017-04-03,0.007000000216066837,5904.759765625
2017-04-04,0.054999999701976776,5714.2900390625
2017-04-05,0.054999999701976776,5809.52001953125
2017-04-06,0.054999999701976776,5809.52001953125
2017-04-07,0.04500000178813934,5714.2900390625
2017-04-10,0.007000000216066837,5904.759765625
2017-04-11,0.007000000216066837,5714.2900390625
2017-04-12,0.05000000074505806,5714.2900390625
2017-04-13,0.05000000074505806,5523.81005859375
2017-04-17,0.05000000074505806,5333.330078125
2017-04-18,0.007000000216066837,5619.0498046875
2017-04-19,0.04500000178813934,5428.56982421875
2017-04-20,0.05000000074505806,5428.56982421875
2017-04-21,0.05000000074505806,5714.2900390625
2017-04-24,0.07000000029802322,5904.759765625
2017-04-25,0.054999999701976776,5904.759765625
2017-04-26,0.054999999701976776,6000.0
2017-04-27,0.00800000037997961,6095.240234375
2017-04-28,0.05999999865889549,6000.0
2017-05-01,0.05000000074505806,6000.0
2017-05-02,0.05000000074505806,6000.0
2017-05-03,0.05000000074505806,6476.18994140625
2017-05-04,0.05000000074505806,6476.18994140625
2017-05-05,0.007000000216066837,6476.18994140625
2017-05-08,0.054999999701976776,6476.18994140625
2017-05-09,0.007000000216066837,6761.89990234375
2017-05-10,0.054999999701976776,6571.43017578125
2017-05-11,0.054999999701976776,6666.669921875
2017-05-12,0.05999999865889549,6666.669921875
2017-05-15,0.007000000216066837,6761.89990234375
2017-05-16,0.054999999701976776,6857.14013671875
2017-05-17,0.054999999701976776,6952.3798828125
2017-05-18,0.007000000216066837,6761.89990234375
2017-05-19,0.05999999865889549,6666.669921875
2017-05-22,0.05999999865889549,6476.18994140625
2017-05-23,0.05000000074505806,6190.47998046875
2017-05-24,0.05000000074505806,6285.7099609375
2017-05-25,0.007000000216066837,6571.43017578125
2017-05-26,0.05000000074505806,6380.9501953125
2017-05-30,0.04500000178813934,6000.0
2017-05-31,0.007000000216066837,6000.0
2017-06-01,0.04500000178813934,6095.240234375
2017-06-02,0.04500000178813934,6476.18994140625
2017-06-05,0.04500000178813934,6380.9501953125
2017-06-06,0.04500000178813934,6666.669921875
2017-06-07,0.007000000216066837,6571.43017578125
2017-06-08,0.03999999910593033,6800.0
2017-06-09,0.007000000216066837,6800.0
2017-06-12,0.04500000178813934,6800.0
2017-06-13,0.04500000178813934,7200.0
2017-06-14,0.04500000178813934,7100.0
2017-06-15,0.04500000178813934,7000.0
2017-06-16,0.04500000178813934,7000.0
2017-06-19,0.006000000052154064,6800.0
2017-06-20,0.006000000052154064,7100.0
2017-06-21,0.03999999910593033,7200.0
2017-06-22,0.03999999910593033,7000.0
2017-06-23,0.006000000052154064,
2017-06-26,0.006000000052154064,7000.0
2017-06-27,0.03999999910593033,6900.0
2017-06-28,0.006000000052154064,6900.0
2017-06-29,0.03999999910593033,7200.0
2017-06-30,0.04500000178813934,7100.0
2017-07-03,0.006000000052154064,7500.0
2017-07-05,0.006000000052154064,8000.0
2017-07-06,0.006000000052154064,8000.0
2017-07-07,0.03999999910593033,7600.0
2017-07-10,0.03999999910593033,7300.0
2017-07-11,0.03999999910593033,7300.0
2017-07-12,0.007000000216066837,7000.0
2017-07-13,0.03999999910593033,7100.0
2017-07-14,0.03999999910593033,7100.0
2017-07-17,0.00800000037997961,6800.0
2017-07-18,0.03999999910593033,6900.0
2017-07-19,0.03999999910593033,6800.0
2017-07-20,0.03999999910593033,6800.0
2017-07-21,0.03999999910593033,6800.0
2017-07-24,0.007000000216066837,6700.0
2017-07-25,0.03500000014901161,6900.0
2017-07-26,0.007000000216066837,7000.0
2017-07-27,0.007000000216066837,7000.0
2017-07-28,0.007000000216066837,7100.0
2017-07-31,0.007000000216066837,7100.0
2017-08-01,0.03999999910593033,7100.0
2017-08-02,0.006000000052154064,7200.0
2017-08-03,0.006000000052154064,7800.0
2017-08-04,0.04500000178813934,7800.0
2017-08-07,0.04500000178813934,8000.0
2017-08-08,0.006000000052154064,7800.0
2017-08-09,0.03999999910593033,7600.0
2017-08-10,0.03999999910593033,7800.0
2017-08-11,0.03999999910593033,7900.0
2017-08-14,0.03999999910593033,7900.0
2017-08-15,0.03999999910593033,7600.0
2017-08-16,0.006000000052154064,7800.0
2017-08-17,0.03999999910593033,7500.0
2017-08-18,0.006000000052154064,7700.0
2017-08-21,0.006000000052154064,7800.0
2017-08-22,0.054999999701976776,7600.0
2017-08-23,0.054999999701976776,7100.0
2017-08-24,0.054999999701976776,7100.0
2017-08-25,0.006000000052154064,7700.0
2017-08-28,0.006000000052154064,7800.0
2017-08-29,0.006000000052154064,7500.0
2017-08-30,0.05999999865889549,7400.0
2017-08-31,0.05999999865889549,7800.0
2017-09-01,0.05000000074505806,7700.0
2017-09-05,0.05000000074505806,7500.0
2017-09-06,0.05000000074505806,7400.0
2017-09-07,0.004999999888241291,7600.0
2017-09-08,0.04500000178813934,7600.0
2017-09-11,0.004999999888241291,7300.0
2017-09-12,0.004999999888241291,7300.0
2017-09-13,0.004999999888241291,7600.0
2017-09-14,0.004999999888241291,7300.0
2017-09-15,0.007000000216066837,7300.0
2017-09-18,0.007000000216066837,7300.0
2017-09-19,0.007000000216066837,7300.0
2017-09-20,0.03999999910593033,7300.0
2017-09-21,0.007000000216066837,7300.0
2017-09-22,0.007000000216066837,7400.0
2017-09-25,0.04500000178813934,7400.0
2017-09-26,0.04500000178813934,7300.0
2017-09-27,0.007000000216066837,7300.0
2017-09-28,0.04500000178813934,7300.0
2017-09-29,0.007000000216066837,7200.0
2017-10-02,0.04500000178813934,7000.0
2017-10-03,0.007000000216066837,6800.0
2017-10-04,0.007000000216066837,7000.0
2017-10-05,0.03999999910593033,7000.0
2017-10-06,0.03999999910593033,7000.0
2017-10-09,0.03999999910593033,7200.0
2017-10-10,0.03999999910593033,7100.0
2017-10-11,0.03999999910593033,7000.0
2017-10-12,0.03999999910593033,7000.0
2017-10-13,0.03999999910593033,7200.0
2017-10-16,0.03999999910593033,7100.0
2017-10-17,0.03999999910593033,7300.0
2017-10-18,0.03999999910593033,7200.0
2017-10-19,0.03500000014901161,7200.0
2017-10-20,0.03500000014901161,7200.0
2017-10-23,0.029999999329447746,7300.0
2017-10-24,0.03500000014901161,7500.0
2017-10-25,0.029999999329447746,7600.0
2017-10-26,0.029999999329447746,7300.0
2017-10-27,0.03999999910593033,7400.0
2017-10-30,0.03999999910593033,7200.0
2017-10-31,0.03999999910593033,7300.0
2017-11-01,0.03500000014901161,7100.0
2017-11-02,0.03999999910593033,7200.0
2017-11-03,0.03500000014901161,7200.0
2017-11-06,0.03500000014901161,7300.0
2017-11-07,0.029999999329447746,7300.0
2017-11-08,0.03500000014901161,7200.0
2017-11-09,0.03500000014901161,7300.0
2017-11-10,0.03500000014901161,7300.0
2017-11-13,0.03500000014901161,7400.0
2017-11-14,0.03500000014901161,7600.0
2017-11-15,0.03500000014901161,7600.0
2017-11-16,0.03999999910593033,7700.0
2017-11-17,0.03999999910593033,7700.0
2017-11-20,0.03500000014901161,7600.0
2017-11-21,0.03999999910593033,8000.0
2017-11-22,0.03999999910593033,8400.0
2017-11-24,0.03500000014901161,9800.0
2017-11-27,0.03500000014901161,10300.0
2017-11-28,0.03500000014901161,10500.0
2017-11-29,0.03999999910593033,11100.0
2017-11-30,0.03999999910593033,11800.0
2017-12-01,0.03999999910593033,12500.0
2017-12-04,0.03999999910593033,11300.0
2017-12-05,0.03999999910593033,10600.0
2017-12-06,0.03500000014901161,11000.0
2017-12-07,0.03500000014901161,11700.0
2017-12-08,0.03500000014901161,12600.0
2017-12-11,0.03500000014901161,12800.0
2017-12-12,0.03500000014901161,12800.0
2017-12-13,0.03999999910593033,11600.0
2017-12-14,0.03500000014901161,11200.0
2017-12-15,0.03999999910593033,11300.0
2017-12-18,0.03999999910593033,10600.0
2017-12-19,0.03500000014901161,10000.0
2017-12-20,0.03999999910593033,10400.0
2017-12-21,0.04500000178813934,10500.0
2017-12-22,0.04500000178813934,10400.0
2017-12-26,0.04500000178813934,10300.0
2017-12-27,0.03500000014901161,10100.0
2017-12-28,0.04500000178813934,10700.0
2017-12-29,0.04500000178813934,10600.0
2018-01-02,0.03999999910593033,11000.0
2018-01-03,0.03999999910593033,10600.0
2018-01-04,0.03500000014901161,10500.0
2018-01-05,0.04500000178813934,10500.0
2018-01-08,0.04500000178813934,10600.0
2018-01-09,0.05000000074505806,
2018-01-10,0.05999999865889549,10400.0
2018-01-11,0.05999999865889549,10000.0
2018-01-12,0.054999999701976776,9900.0
2018-01-16,0.054999999701976776,10000.0
2018-01-17,0.054999999701976776,9700.0
2018-01-18,0.054999999701976776,9700.0
2018-01-19,0.054999999701976776,9900.0
2018-01-22,0.05999999865889549,9800.0
2018-01-23,0.054999999701976776,9900.0
2018-01-24,0.054999999701976776,
2018-01-25,0.054999999701976776,
2018-01-26,0.05000000074505806,9300.0
2018-01-29,0.05000000074505806,
2018-01-30,0.05000000074505806,9300.0
2018-01-31,,9300.0
